timestamp,run_id,status_code,elapsed_seconds
2026-08-30T21:05:01.010Z,61,409,0.035275
2026-08-30T21:05:01.031Z,68,409,0.020197
2026-08-30T21:05:01.050Z,56,409,0.014715
2026-08-30T21:05:01.070Z,51,409,0.014243
2026-08-30T21:05:01.085Z,75,409,0.014351
2026-08-30T21:05:01.097Z,77,409,0.015552
2026-08-30T21:05:01.116Z,78,409,0.014083
2026-08-30T21:05:01.137Z,52,409,0.014438
2026-08-30T21:05:01.198Z,65,409,0.016125
2026-08-30T21:05:01.201Z,53,409,0.016125
2026-08-30T21:05:01.212Z,53,409,0.022687
2026-08-30T21:05:01.238Z,60,409,0.016167
2026-08-30T21:05:01.250Z,56,409,0.015568
2026-08-30T21:05:01.266Z,51,409,0.016910
2026-08-30T21:05:01.274Z,67,409,0.016761
2026-08-30T21:05:01.309Z,62,409,0.014245
2026-08-30T21:05:01.381Z,69,409,0.014073
2026-08-30T21:05:01.381Z,72,409,0.014780
2026-08-30T21:05:01.389Z,61,409,0.014076
2026-08-30T21:05:01.400Z,56,409,0.016058
2026-08-30T21:05:01.420Z,59,409,0.014913
2026-08-30T21:05:01.446Z,61,409,0.014184
2026-08-30T21:05:01.447Z,66,409,0.014740
2026-08-30T21:05:01.470Z,54,409,0.014295
2026-08-30T21:05:01.559Z,50,409,0.014218
2026-08-30T21:05:01.560Z,63,409,0.014921
2026-08-30T21:05:01.563Z,69,409,0.014792
2026-08-30T21:05:01.573Z,53,409,0.014146
2026-08-30T21:05:01.595Z,78,409,0.015860
2026-08-30T21:05:01.625Z,50,409,0.013860
2026-08-30T21:05:01.626Z,63,409,0.015035
2026-08-30T21:05:01.654Z,73,409,0.015250
2026-08-30T21:05:01.731Z,52,409,0.025568
2026-08-30T21:05:01.734Z,52,409,0.044010
2026-08-30T21:05:01.734Z,56,409,0.031834
2026-08-30T21:05:01.743Z,72,409,0.034970
2026-08-30T21:05:01.763Z,70,409,0.020662
2026-08-30T21:05:01.793Z,57,409,0.017992
2026-08-30T21:05:01.804Z,66,409,0.015612
2026-08-30T21:05:01.815Z,52,409,0.016559
2026-08-30T21:05:01.925Z,56,409,0.015601
2026-08-30T21:05:01.941Z,51,409,0.014680
2026-08-30T21:05:01.952Z,54,409,0.013500
2026-08-30T21:05:01.954Z,63,409,0.013790
2026-08-30T21:05:01.964Z,53,409,0.015401
2026-08-30T21:05:01.974Z,73,409,0.014441
2026-08-30T21:05:01.992Z,59,409,0.014465
2026-08-30T21:05:02.002Z,78,409,0.014793
2026-08-30T21:05:02.094Z,55,409,0.014092
2026-08-30T21:05:02.113Z,63,409,0.016712
2026-08-30T21:05:02.124Z,53,409,0.016460
2026-08-30T21:05:02.124Z,56,409,0.016439
2026-08-30T21:05:02.133Z,57,409,0.018517
2026-08-30T21:05:02.137Z,61,409,0.018546
2026-08-30T21:05:02.164Z,66,409,0.013633
2026-08-30T21:05:02.175Z,73,409,0.014484
2026-08-30T21:05:02.273Z,56,409,0.012769
2026-08-30T21:05:02.291Z,70,409,0.013993
2026-08-30T21:05:02.312Z,64,409,0.014416
2026-08-30T21:05:02.313Z,60,409,0.014675
2026-08-30T21:05:02.314Z,64,409,0.014482
2026-08-30T21:05:02.318Z,53,409,0.014786
2026-08-30T21:05:02.337Z,67,409,0.015419
2026-08-30T21:05:02.350Z,71,409,0.016449
2026-08-30T21:05:02.454Z,51,409,0.015477
2026-08-30T21:05:02.483Z,69,409,0.015256
2026-08-30T21:05:02.510Z,68,409,0.022837
2026-08-30T21:05:02.511Z,51,409,0.025606
2026-08-30T21:05:02.518Z,77,409,0.025592
2026-08-30T21:05:02.519Z,71,409,0.023740
2026-08-30T21:05:02.520Z,57,409,0.023794
2026-08-30T21:05:02.536Z,67,409,0.022689
2026-08-30T21:05:02.677Z,62,409,0.021666
2026-08-30T21:05:02.726Z,59,409,0.020635
2026-08-30T21:05:02.759Z,53,409,0.020127
2026-08-30T21:05:02.770Z,60,409,0.019305
2026-08-30T21:05:02.783Z,70,409,0.019550
2026-08-30T21:05:02.800Z,65,409,0.019647
2026-08-30T21:05:02.802Z,63,409,0.022864
2026-08-30T21:05:02.810Z,75,409,0.019240
2026-08-30T21:05:02.956Z,52,409,0.029851
2026-08-30T21:05:03.029Z,77,409,0.020597
2026-08-30T21:05:03.041Z,69,409,0.025457
2026-08-30T21:05:03.057Z,57,409,0.022510
2026-08-30T21:05:03.057Z,75,409,0.023355
2026-08-30T21:05:03.086Z,73,409,0.021815
2026-08-30T21:05:03.098Z,58,409,0.021121
2026-08-30T21:05:03.104Z,70,409,0.019805
2026-08-30T21:05:03.259Z,64,409,0.022067
2026-08-30T21:05:03.322Z,52,409,0.021837
2026-08-30T21:05:03.322Z,62,409,0.021968
2026-08-30T21:05:03.332Z,58,409,0.022483
2026-08-30T21:05:03.338Z,61,409,0.022376
2026-08-30T21:05:03.367Z,73,409,0.022095
2026-08-30T21:05:03.378Z,59,409,0.019406
2026-08-30T21:05:03.387Z,51,409,0.022824
2026-08-30T21:05:03.545Z,74,409,0.022425
2026-08-30T21:05:03.603Z,52,409,0.022891
2026-08-30T21:05:03.608Z,75,409,0.022976
2026-08-30T21:05:03.624Z,76,409,0.021747
2026-08-30T21:05:03.625Z,56,409,0.022228
2026-08-30T21:05:03.638Z,62,409,0.026282
2026-08-30T21:05:03.641Z,59,409,0.026228
2026-08-30T21:05:03.661Z,68,409,0.020462
2026-08-30T21:05:03.829Z,61,409,0.018122
2026-08-30T21:05:03.913Z,71,409,0.018654
2026-08-30T21:05:03.917Z,57,409,0.018498
2026-08-30T21:05:03.926Z,63,409,0.019554
2026-08-30T21:05:03.937Z,71,409,0.020267
2026-08-30T21:05:03.953Z,74,409,0.017719
2026-08-30T21:05:03.959Z,56,409,0.022821
2026-08-30T21:05:03.982Z,75,409,0.022454
2026-08-30T21:05:04.144Z,70,409,0.017369
2026-08-30T21:05:04.195Z,74,409,0.020888
2026-08-30T21:05:04.208Z,64,409,0.017817
2026-08-30T21:05:04.212Z,57,409,0.016774
2026-08-30T21:05:04.213Z,51,409,0.017618
2026-08-30T21:05:04.221Z,72,409,0.017565
2026-08-30T21:05:04.237Z,57,409,0.016741
2026-08-30T21:05:04.237Z,61,409,0.018082
2026-08-30T21:05:04.409Z,58,409,0.019706
2026-08-30T21:05:04.462Z,62,409,0.016679
2026-08-30T21:05:04.466Z,67,409,0.016284
2026-08-30T21:05:04.490Z,51,409,0.019093
2026-08-30T21:05:04.491Z,77,409,0.039951
2026-08-30T21:05:04.494Z,53,409,0.019562
2026-08-30T21:05:04.509Z,67,409,0.022952
2026-08-30T21:05:04.509Z,71,409,0.022939
2026-08-30T21:05:04.668Z,68,409,0.022833
2026-08-30T21:05:04.733Z,72,409,0.019840
2026-08-30T21:05:04.736Z,53,409,0.019178
2026-08-30T21:05:04.763Z,50,409,0.018027
2026-08-30T21:05:04.766Z,67,409,0.017431
2026-08-30T21:05:04.796Z,57,409,0.016897
2026-08-30T21:05:04.800Z,63,409,0.016786
2026-08-30T21:05:04.806Z,70,409,0.018037
2026-08-30T21:05:04.949Z,72,409,0.020738
2026-08-30T21:05:05.012Z,66,409,0.019083
2026-08-30T21:05:05.023Z,53,409,0.017596
2026-08-30T21:05:05.037Z,50,409,0.017699
2026-08-30T21:05:05.046Z,54,409,0.019378
2026-08-30T21:05:05.060Z,61,409,0.018701
2026-08-30T21:05:05.060Z,65,409,0.018453
2026-08-30T21:05:05.091Z,70,409,0.018418
2026-08-30T21:05:05.225Z,54,409,0.017100
2026-08-30T21:05:05.272Z,68,409,0.017189
2026-08-30T21:05:05.288Z,59,409,0.017252
2026-08-30T21:05:05.291Z,77,409,0.016681
2026-08-30T21:05:05.301Z,63,409,0.017148
2026-08-30T21:05:05.335Z,63,409,0.018478
2026-08-30T21:05:05.337Z,69,409,0.017879
2026-08-30T21:05:05.349Z,68,409,0.018808
2026-08-30T21:05:05.483Z,59,409,0.019210
2026-08-30T21:05:05.527Z,61,409,0.018386
2026-08-30T21:05:05.545Z,63,409,0.017410
2026-08-30T21:05:05.547Z,68,409,0.016616
2026-08-30T21:05:05.558Z,66,409,0.018899
2026-08-30T21:05:05.595Z,67,409,0.019817
2026-08-30T21:05:05.597Z,60,409,0.021548
2026-08-30T21:05:05.599Z,75,409,0.025131
2026-08-30T21:05:05.749Z,63,409,0.023968
2026-08-30T21:05:05.786Z,64,409,0.027109
2026-08-30T21:05:05.802Z,58,409,0.028740
2026-08-30T21:05:05.812Z,56,409,0.030310
2026-08-30T21:05:05.821Z,51,409,0.027559
2026-08-30T21:05:05.854Z,58,409,0.027227
2026-08-30T21:05:05.864Z,71,409,0.025089
2026-08-30T21:05:05.876Z,61,409,0.029032
2026-08-30T21:05:06.057Z,58,409,0.021342
2026-08-30T21:05:06.095Z,72,409,0.018119
2026-08-30T21:05:06.119Z,78,409,0.018465
2026-08-30T21:05:06.135Z,61,409,0.021034
2026-08-30T21:05:06.135Z,61,409,0.021199
2026-08-30T21:05:06.166Z,59,409,0.016714
2026-08-30T21:05:06.170Z,65,409,0.015261
2026-08-30T21:05:06.186Z,62,409,0.016321
2026-08-30T21:05:06.339Z,74,409,0.017542
2026-08-30T21:05:06.363Z,58,409,0.017627
2026-08-30T21:05:06.403Z,64,409,0.017085
2026-08-30T21:05:06.425Z,73,409,0.019183
2026-08-30T21:05:06.425Z,74,409,0.018577
2026-08-30T21:05:06.443Z,77,409,0.017609
2026-08-30T21:05:06.447Z,56,409,0.019865
2026-08-30T21:05:06.467Z,60,409,0.018051
2026-08-30T21:05:06.625Z,50,409,0.020700
2026-08-30T21:05:06.646Z,63,409,0.017425
2026-08-30T21:05:06.688Z,51,409,0.016740
2026-08-30T21:05:06.718Z,63,409,0.018117
2026-08-30T21:05:06.728Z,72,409,0.018323
2026-08-30T21:05:06.740Z,59,409,0.015338
2026-08-30T21:05:06.741Z,55,409,0.016887
2026-08-30T21:05:06.764Z,65,409,0.019648
2026-08-30T21:05:06.900Z,75,409,0.025359
2026-08-30T21:05:06.911Z,61,409,0.022283
2026-08-30T21:05:06.961Z,53,409,0.050251
2026-08-30T21:05:06.993Z,62,409,0.019876
2026-08-30T21:05:07.006Z,77,409,0.023815
2026-08-30T21:05:07.024Z,55,409,0.025449
2026-08-30T21:05:07.030Z,67,409,0.024319
2026-08-30T21:05:07.044Z,52,409,0.028160
2026-08-30T21:05:07.231Z,64,409,0.025370
2026-08-30T21:05:07.259Z,54,409,0.025142
2026-08-30T21:05:07.299Z,53,409,0.021454
2026-08-30T21:05:07.318Z,50,409,0.019739
2026-08-30T21:05:07.328Z,55,409,0.025343
2026-08-30T21:05:07.345Z,59,409,0.020611
2026-08-30T21:05:07.363Z,60,409,0.018475
2026-08-30T21:05:07.382Z,59,409,0.017089
2026-08-30T21:05:07.528Z,77,409,0.016814
2026-08-30T21:05:07.546Z,56,409,0.017095
2026-08-30T21:05:07.572Z,66,409,0.015492
2026-08-30T21:05:07.592Z,70,409,0.017270
2026-08-30T21:05:07.609Z,64,409,0.019805
2026-08-30T21:05:07.623Z,50,409,0.017282
2026-08-30T21:05:07.643Z,57,409,0.016760
2026-08-30T21:05:07.656Z,52,409,0.017227
2026-08-30T21:05:07.795Z,54,409,0.015719
2026-08-30T21:05:07.828Z,62,409,0.017419
2026-08-30T21:05:07.850Z,76,409,0.016897
2026-08-30T21:05:07.875Z,53,409,0.016146
2026-08-30T21:05:07.889Z,69,409,0.016692
2026-08-30T21:05:07.911Z,60,409,0.019142
2026-08-30T21:05:07.929Z,51,409,0.019942
2026-08-30T21:05:07.931Z,68,409,0.021452
2026-08-30T21:05:08.066Z,58,409,0.017338
2026-08-30T21:05:08.097Z,57,409,0.022862
2026-08-30T21:05:08.112Z,68,409,0.020921
2026-08-30T21:05:08.135Z,71,409,0.021081
2026-08-30T21:05:08.139Z,52,409,0.021129
2026-08-30T21:05:08.167Z,54,409,0.016908
2026-08-30T21:05:08.181Z,64,409,0.015995
2026-08-30T21:05:08.186Z,71,409,0.016742
2026-08-30T21:05:08.330Z,60,409,0.016274
2026-08-30T21:05:08.359Z,74,409,0.014860
2026-08-30T21:05:08.371Z,74,409,0.015188
2026-08-30T21:05:08.399Z,52,409,0.015100
2026-08-30T21:05:08.410Z,68,409,0.014924
2026-08-30T21:05:08.430Z,74,409,0.015750
2026-08-30T21:05:08.441Z,73,409,0.015452
2026-08-30T21:05:08.451Z,67,409,0.017685
2026-08-30T21:05:08.583Z,66,409,0.015484
2026-08-30T21:05:08.608Z,58,409,0.015814
2026-08-30T21:05:08.626Z,62,409,0.016029
2026-08-30T21:05:08.647Z,55,409,0.016304
2026-08-30T21:05:08.659Z,55,409,0.014949
2026-08-30T21:05:08.690Z,77,409,0.014611
2026-08-30T21:05:08.691Z,62,409,0.014562
2026-08-30T21:05:08.696Z,55,409,0.015385
2026-08-30T21:05:08.836Z,57,409,0.015011
2026-08-30T21:05:08.864Z,67,409,0.017888
2026-08-30T21:05:08.880Z,66,409,0.015600
2026-08-30T21:05:08.903Z,52,409,0.017187
2026-08-30T21:05:08.915Z,78,409,0.016370
2026-08-30T21:05:08.950Z,71,409,0.018264
2026-08-30T21:05:08.973Z,53,409,0.019964
2026-08-30T21:05:08.973Z,77,409,0.017857
2026-08-30T21:05:09.102Z,76,409,0.018030
2026-08-30T21:05:09.127Z,71,409,0.017571
2026-08-30T21:05:09.142Z,77,409,0.016730
2026-08-30T21:05:09.191Z,74,409,0.017455
2026-08-30T21:05:09.192Z,71,409,0.014542
2026-08-30T21:05:09.210Z,52,409,0.016006
2026-08-30T21:05:09.244Z,62,409,0.015871
2026-08-30T21:05:09.262Z,57,409,0.016677
2026-08-30T21:05:09.372Z,56,409,0.021971
2026-08-30T21:05:09.391Z,76,409,0.016661
2026-08-30T21:05:09.406Z,53,409,0.018127
2026-08-30T21:05:09.468Z,73,409,0.022127
2026-08-30T21:05:09.472Z,64,409,0.021281
2026-08-30T21:05:09.484Z,63,409,0.023811
2026-08-30T21:05:09.516Z,70,409,0.016672
2026-08-30T21:05:09.524Z,61,409,0.014448
2026-08-30T21:05:09.646Z,58,409,0.015038
2026-08-30T21:05:09.660Z,54,409,0.014600
2026-08-30T21:05:09.678Z,55,409,0.013167
2026-08-30T21:05:09.746Z,72,409,0.015240
2026-08-30T21:05:09.747Z,77,409,0.015237
2026-08-30T21:05:09.756Z,67,409,0.015393
2026-08-30T21:05:09.780Z,66,409,0.014993
2026-08-30T21:05:09.797Z,74,409,0.014939
2026-08-30T21:05:09.898Z,68,409,0.017922
2026-08-30T21:05:09.918Z,72,409,0.014744
2026-08-30T21:05:09.928Z,62,409,0.014425
2026-08-30T21:05:09.998Z,53,409,0.015836
2026-08-30T21:05:10.007Z,53,409,0.019679
2026-08-30T21:05:10.014Z,78,409,0.018006
2026-08-30T21:05:10.033Z,59,409,0.017535
2026-08-30T21:05:10.049Z,55,409,0.014932
2026-08-30T21:05:10.153Z,65,409,0.020030
2026-08-30T21:05:10.172Z,59,409,0.019341
2026-08-30T21:05:10.180Z,63,409,0.021430
2026-08-30T21:05:10.253Z,67,409,0.016942
2026-08-30T21:05:10.274Z,70,409,0.015317
2026-08-30T21:05:10.285Z,64,409,0.015120
2026-08-30T21:05:10.296Z,72,409,0.016783
2026-08-30T21:05:10.331Z,70,409,0.014662
2026-08-30T21:05:10.429Z,66,409,0.015642
2026-08-30T21:05:10.439Z,73,409,0.015823
2026-08-30T21:05:10.457Z,60,409,0.015774
2026-08-30T21:05:10.524Z,65,409,0.015549
2026-08-30T21:05:10.539Z,51,409,0.014250
2026-08-30T21:05:10.539Z,63,409,0.012538
2026-08-30T21:05:10.559Z,72,409,0.018784
2026-08-30T21:05:10.587Z,66,409,0.016004
2026-08-30T21:05:10.673Z,67,409,0.014710
2026-08-30T21:05:10.692Z,70,409,0.014385
2026-08-30T21:05:10.712Z,77,409,0.014734
2026-08-30T21:05:10.793Z,69,409,0.016490
2026-08-30T21:05:10.805Z,71,409,0.014738
2026-08-30T21:05:10.809Z,64,409,0.014272
2026-08-30T21:05:10.816Z,50,409,0.015063
2026-08-30T21:05:10.853Z,68,409,0.015675
2026-08-30T21:05:10.921Z,55,409,0.014968
2026-08-30T21:05:10.946Z,76,409,0.014459
2026-08-30T21:05:10.966Z,54,409,0.016105
2026-08-30T21:05:11.042Z,76,409,0.015601
2026-08-30T21:05:11.047Z,77,409,0.014538
2026-08-30T21:05:11.054Z,50,409,0.015453
2026-08-30T21:05:11.069Z,66,409,0.014104
2026-08-30T21:05:11.105Z,59,409,0.015255
2026-08-30T21:05:11.166Z,57,409,0.014696
2026-08-30T21:05:11.185Z,70,409,0.015670
2026-08-30T21:05:11.212Z,52,409,0.017190
2026-08-30T21:05:11.307Z,53,409,0.017878
2026-08-30T21:05:11.308Z,57,409,0.019624
2026-08-30T21:05:11.316Z,59,409,0.016192
2026-08-30T21:05:11.329Z,63,409,0.016945
2026-08-30T21:05:11.367Z,77,409,0.016498
2026-08-30T21:05:11.424Z,71,409,0.014290
2026-08-30T21:05:11.452Z,74,409,0.014507
2026-08-30T21:05:11.481Z,73,409,0.015024
2026-08-30T21:05:11.583Z,56,409,0.021852
2026-08-30T21:05:11.583Z,69,409,0.018397
2026-08-30T21:05:11.587Z,69,409,0.028975
2026-08-30T21:05:11.596Z,72,409,0.026174
2026-08-30T21:05:11.628Z,77,409,0.023814
2026-08-30T21:05:11.713Z,72,409,0.021990
2026-08-30T21:05:11.742Z,63,409,0.017437
2026-08-30T21:05:11.768Z,60,409,0.015407
2026-08-30T21:05:11.897Z,50,409,0.016324
2026-08-30T21:05:11.907Z,67,409,0.016176
2026-08-30T21:05:11.923Z,53,409,0.017295
2026-08-30T21:05:11.926Z,71,409,0.017099
2026-08-30T21:05:11.939Z,64,409,0.016532
2026-08-30T21:05:12.012Z,74,409,0.015257
2026-08-30T21:05:12.043Z,77,409,0.016915
2026-08-30T21:05:12.063Z,66,409,0.014997
2026-08-30T21:05:12.168Z,75,409,0.015760
2026-08-30T21:05:12.173Z,73,409,0.014264
2026-08-30T21:05:12.195Z,53,409,0.014924
2026-08-30T21:05:12.196Z,59,409,0.013574
2026-08-30T21:05:12.204Z,56,409,0.014062
2026-08-30T21:05:12.272Z,57,409,0.016813
2026-08-30T21:05:12.303Z,67,409,0.014997
2026-08-30T21:05:12.334Z,57,409,0.014322
2026-08-30T21:05:12.423Z,77,409,0.016289
2026-08-30T21:05:12.435Z,62,409,0.014946
2026-08-30T21:05:12.447Z,67,409,0.016042
2026-08-30T21:05:12.468Z,69,409,0.018855
2026-08-30T21:05:12.471Z,60,409,0.016264
2026-08-30T21:05:12.542Z,64,409,0.018377
2026-08-30T21:05:12.568Z,50,409,0.033690
2026-08-30T21:05:12.603Z,65,409,0.019792
2026-08-30T21:05:12.698Z,74,409,0.015934
2026-08-30T21:05:12.701Z,58,409,0.016424
2026-08-30T21:05:12.723Z,66,409,0.019169
2026-08-30T21:05:12.756Z,55,409,0.019413
2026-08-30T21:05:12.780Z,73,409,0.018176
2026-08-30T21:05:12.827Z,61,409,0.020043
2026-08-30T21:05:12.860Z,56,409,0.020804
2026-08-30T21:05:12.881Z,71,409,0.016613
2026-08-30T21:05:12.990Z,70,409,0.019837
2026-08-30T21:05:13.008Z,71,409,0.017646
2026-08-30T21:05:13.039Z,60,409,0.017596
2026-08-30T21:05:13.082Z,64,409,0.020344
2026-08-30T21:05:13.090Z,75,409,0.031168
2026-08-30T21:05:13.134Z,66,409,0.014552
2026-08-30T21:05:13.175Z,71,409,0.018018
2026-08-30T21:05:13.214Z,53,409,0.017808
2026-08-30T21:05:13.302Z,58,409,0.018414
2026-08-30T21:05:13.344Z,75,409,0.018191
2026-08-30T21:05:13.351Z,78,409,0.017872
2026-08-30T21:05:13.383Z,73,409,0.019378
2026-08-30T21:05:13.398Z,74,409,0.018574
2026-08-30T21:05:13.449Z,70,409,0.018326
2026-08-30T21:05:13.489Z,73,409,0.018631
2026-08-30T21:05:13.547Z,66,409,0.028753
2026-08-30T21:05:13.608Z,58,409,0.016229
2026-08-30T21:05:13.664Z,70,409,0.018744
2026-08-30T21:05:13.674Z,64,409,0.019052
2026-08-30T21:05:13.690Z,51,409,0.030386
2026-08-30T21:05:13.712Z,58,409,0.022874
2026-08-30T21:05:13.774Z,55,409,0.027828
2026-08-30T21:05:13.817Z,52,409,0.030265
2026-08-30T21:05:13.896Z,56,409,0.028364
2026-08-30T21:05:13.949Z,61,409,0.023719
2026-08-30T21:05:14.014Z,75,409,0.036151
2026-08-30T21:05:14.058Z,74,409,0.025242
2026-08-30T21:05:14.063Z,67,409,0.025414
2026-08-30T21:05:14.091Z,77,409,0.025324
2026-08-30T21:05:14.153Z,53,409,0.018158
2026-08-30T21:05:14.175Z,50,409,0.024822
2026-08-30T21:05:14.257Z,50,409,0.022464
2026-08-30T21:05:14.278Z,70,409,0.023295
2026-08-30T21:05:14.386Z,57,409,0.047905
2026-08-30T21:05:14.404Z,75,409,0.022447
2026-08-30T21:05:14.421Z,67,409,0.025497
2026-08-30T21:05:14.432Z,50,409,0.024139
2026-08-30T21:05:14.479Z,70,409,0.047519
2026-08-30T21:05:14.526Z,57,409,0.021671
2026-08-30T21:05:14.581Z,74,409,0.016129
2026-08-30T21:05:14.604Z,68,409,0.022246
2026-08-30T21:05:14.739Z,64,409,0.014669
2026-08-30T21:05:14.742Z,53,409,0.024042
2026-08-30T21:05:14.743Z,52,409,0.016580
2026-08-30T21:05:14.762Z,70,409,0.027287
2026-08-30T21:05:14.838Z,72,409,0.023704
2026-08-30T21:05:14.844Z,74,409,0.020138
2026-08-30T21:05:14.885Z,67,409,0.013973
2026-08-30T21:05:14.916Z,78,409,0.016561
2026-08-30T21:05:15.060Z,72,409,0.014741
2026-08-30T21:05:15.085Z,52,409,0.021412
2026-08-30T21:05:15.085Z,70,409,0.012940
2026-08-30T21:05:15.096Z,78,409,0.013523
2026-08-30T21:05:15.176Z,53,409,0.018292
2026-08-30T21:05:15.176Z,57,409,0.016557
2026-08-30T21:05:15.178Z,62,409,0.042218
2026-08-30T21:05:15.239Z,58,409,0.019787
2026-08-30T21:05:15.381Z,57,409,0.021344
2026-08-30T21:05:15.393Z,77,409,0.023667
2026-08-30T21:05:15.401Z,74,409,0.020994
2026-08-30T21:05:15.402Z,75,409,0.019183
2026-08-30T21:05:15.505Z,72,409,0.016884
2026-08-30T21:05:15.506Z,69,409,0.021071
2026-08-30T21:05:15.525Z,57,409,0.018652
2026-08-30T21:05:15.546Z,65,409,0.023386
2026-08-30T21:05:15.688Z,51,409,0.011398
2026-08-30T21:05:15.718Z,50,409,0.020407
2026-08-30T21:05:15.726Z,58,409,0.021774
2026-08-30T21:05:15.732Z,50,409,0.016579
2026-08-30T21:05:15.863Z,69,409,0.017017
2026-08-30T21:05:15.874Z,65,409,0.033157
2026-08-30T21:05:15.875Z,63,409,0.013653
2026-08-30T21:05:15.876Z,78,409,0.017902
2026-08-30T21:05:16.020Z,73,409,0.026011
2026-08-30T21:05:16.110Z,61,409,0.031142
2026-08-30T21:05:16.113Z,56,409,0.032779
2026-08-30T21:05:16.116Z,62,409,0.032402
2026-08-30T21:05:16.175Z,50,409,0.027753
2026-08-30T21:05:16.216Z,72,409,0.024193
2026-08-30T21:05:16.241Z,57,409,0.028678
2026-08-30T21:05:16.269Z,60,409,0.025738
2026-08-30T21:05:16.388Z,55,409,0.022779
2026-08-30T21:05:16.498Z,61,409,0.043258
2026-08-30T21:05:16.545Z,78,409,0.028301
2026-08-30T21:05:16.549Z,67,409,0.027612
2026-08-30T21:05:16.603Z,59,409,0.049943
2026-08-30T21:05:16.605Z,78,409,0.017809
2026-08-30T21:05:16.614Z,62,409,0.020250
2026-08-30T21:05:16.654Z,62,409,0.035523
2026-08-30T21:05:16.757Z,60,409,0.020610
2026-08-30T21:05:16.894Z,69,409,0.030967
2026-08-30T21:05:16.927Z,72,409,0.049511
2026-08-30T21:05:16.942Z,69,409,0.022436
2026-08-30T21:05:16.973Z,53,409,0.034572
2026-08-30T21:05:16.994Z,75,409,0.034266
2026-08-30T21:05:17.008Z,61,409,0.024309
2026-08-30T21:05:17.076Z,58,409,0.020702
2026-08-30T21:05:17.145Z,78,409,0.034487
2026-08-30T21:05:17.251Z,51,409,0.029200
2026-08-30T21:05:17.300Z,65,409,0.032573
2026-08-30T21:05:17.317Z,78,409,0.016793
2026-08-30T21:05:17.379Z,63,409,0.022814
2026-08-30T21:05:17.390Z,60,409,0.016253
2026-08-30T21:05:17.391Z,63,409,0.019056
2026-08-30T21:05:17.430Z,54,409,0.028584
2026-08-30T21:05:17.489Z,78,409,0.013347
2026-08-30T21:05:17.570Z,66,409,0.016821
2026-08-30T21:05:17.645Z,50,409,0.020968
2026-08-30T21:05:17.648Z,55,409,0.024021
2026-08-30T21:05:17.682Z,76,409,0.018515
2026-08-30T21:05:17.732Z,56,409,0.026184
2026-08-30T21:05:17.732Z,62,409,0.027489
2026-08-30T21:05:17.747Z,62,409,0.022778
2026-08-30T21:05:17.779Z,58,409,0.016873
2026-08-30T21:05:17.895Z,53,409,0.013003
2026-08-30T21:05:17.999Z,69,409,0.013600
2026-08-30T21:05:18.027Z,71,409,0.015276
2026-08-30T21:05:18.028Z,76,409,0.041423
2026-08-30T21:05:18.050Z,72,409,0.016397
2026-08-30T21:05:18.072Z,75,409,0.017362
2026-08-30T21:05:18.109Z,74,409,0.035586
2026-08-30T21:05:18.114Z,55,409,0.015839
2026-08-30T21:05:18.215Z,58,409,0.017077
2026-08-30T21:05:18.317Z,58,409,0.024865
2026-08-30T21:05:18.356Z,63,409,0.023362
2026-08-30T21:05:18.361Z,57,409,0.036264
2026-08-30T21:05:18.365Z,73,409,0.017564
2026-08-30T21:05:18.389Z,61,409,0.018228
2026-08-30T21:05:18.457Z,65,409,0.022586
2026-08-30T21:05:18.458Z,72,409,0.023595
2026-08-30T21:05:18.549Z,72,409,0.019480
2026-08-30T21:05:18.652Z,57,409,0.021825
2026-08-30T21:05:18.678Z,54,409,0.018984
2026-08-30T21:05:18.699Z,73,409,0.016439
2026-08-30T21:05:18.708Z,75,409,0.019777
2026-08-30T21:05:18.744Z,52,409,0.030826
2026-08-30T21:05:18.789Z,67,409,0.016784
2026-08-30T21:05:18.842Z,67,409,0.016103
2026-08-30T21:05:18.884Z,53,409,0.017946
2026-08-30T21:05:18.976Z,50,409,0.014541
2026-08-30T21:05:18.982Z,63,409,0.020118
2026-08-30T21:05:19.069Z,55,409,0.020883
2026-08-30T21:05:19.071Z,57,409,0.025702
2026-08-30T21:05:19.076Z,75,409,0.019255
2026-08-30T21:05:19.115Z,51,409,0.018334
2026-08-30T21:05:19.162Z,75,409,0.019281
2026-08-30T21:05:19.222Z,64,409,0.020516
2026-08-30T21:05:19.318Z,51,409,0.020854
2026-08-30T21:05:19.324Z,77,409,0.032796
2026-08-30T21:05:19.413Z,73,409,0.014953
2026-08-30T21:05:19.421Z,67,409,0.028503
2026-08-30T21:05:19.421Z,69,409,0.014162
2026-08-30T21:05:19.431Z,68,409,0.011532
2026-08-30T21:05:19.504Z,56,409,0.022054
2026-08-30T21:05:19.550Z,65,409,0.018425
2026-08-30T21:05:19.637Z,53,409,0.016666
2026-08-30T21:05:19.647Z,67,409,0.014053
2026-08-30T21:05:19.722Z,54,409,0.018389
2026-08-30T21:05:19.741Z,70,409,0.019003
2026-08-30T21:05:19.752Z,53,409,0.013922
2026-08-30T21:05:19.761Z,52,409,0.014472
2026-08-30T21:05:19.804Z,77,409,0.017392
2026-08-30T21:05:19.889Z,69,409,0.019470
2026-08-30T21:05:19.980Z,68,409,0.015784
2026-08-30T21:05:19.980Z,74,409,0.016054
2026-08-30T21:05:20.035Z,57,409,0.014215
2026-08-30T21:05:20.035Z,75,409,0.013114
2026-08-30T21:05:20.067Z,54,409,0.014825
2026-08-30T21:05:20.067Z,54,409,0.017018
2026-08-30T21:05:20.108Z,66,409,0.013337
2026-08-30T21:05:20.193Z,56,409,0.015587
2026-08-30T21:05:20.276Z,55,409,0.019862
2026-08-30T21:05:20.317Z,63,409,0.017328
2026-08-30T21:05:20.321Z,71,409,0.018050
2026-08-30T21:05:20.349Z,73,409,0.018254
2026-08-30T21:05:20.379Z,69,409,0.020167
2026-08-30T21:05:20.400Z,76,409,0.017765
2026-08-30T21:05:20.408Z,77,409,0.015219
2026-08-30T21:05:20.505Z,59,409,0.044208
2026-08-30T21:05:20.576Z,69,409,0.014931
2026-08-30T21:05:20.648Z,74,409,0.021338
2026-08-30T21:05:20.649Z,61,409,0.021797
2026-08-30T21:05:20.652Z,53,409,0.020941
2026-08-30T21:05:20.665Z,64,409,0.018143
2026-08-30T21:05:20.697Z,59,409,0.020920
2026-08-30T21:05:20.701Z,63,409,0.018883
2026-08-30T21:05:20.819Z,65,409,0.032436
2026-08-30T21:05:20.882Z,55,409,0.019745
2026-08-30T21:05:20.989Z,54,409,0.034948
2026-08-30T21:05:21.003Z,60,409,0.026665
2026-08-30T21:05:21.007Z,54,409,0.055572
2026-08-30T21:05:21.007Z,73,409,0.037598
2026-08-30T21:05:21.011Z,62,409,0.031679
2026-08-30T21:05:21.033Z,71,409,0.025966
2026-08-30T21:05:21.131Z,56,409,0.033121
2026-08-30T21:05:21.209Z,76,409,0.029738
2026-08-30T21:05:21.347Z,56,409,0.035604
2026-08-30T21:05:21.432Z,78,409,0.027375
2026-08-30T21:05:21.435Z,75,409,0.028757
2026-08-30T21:05:21.442Z,69,409,0.052591
2026-08-30T21:05:21.444Z,51,409,0.023943
2026-08-30T21:05:21.446Z,62,409,0.022654
2026-08-30T21:05:21.547Z,51,409,0.015564
2026-08-30T21:05:21.618Z,70,409,0.018408
2026-08-30T21:05:21.756Z,52,409,0.020911
2026-08-30T21:05:21.789Z,54,409,0.031523
2026-08-30T21:05:21.803Z,59,409,0.016640
2026-08-30T21:05:21.849Z,56,409,0.019208
2026-08-30T21:05:21.849Z,68,409,0.015080
2026-08-30T21:05:21.853Z,61,409,0.040180
2026-08-30T21:05:21.945Z,65,409,0.019009
2026-08-30T21:05:21.948Z,55,409,0.019243
2026-08-30T21:05:22.079Z,68,409,0.018348
2026-08-30T21:05:22.127Z,69,409,0.017778
2026-08-30T21:05:22.131Z,68,409,0.017490
2026-08-30T21:05:22.173Z,50,409,0.020395
2026-08-30T21:05:22.198Z,70,409,0.017466
2026-08-30T21:05:22.222Z,65,409,0.016380
2026-08-30T21:05:22.290Z,64,409,0.022418
2026-08-30T21:05:22.303Z,66,409,0.040397
2026-08-30T21:05:22.434Z,55,409,0.020126
2026-08-30T21:05:22.462Z,78,409,0.023230
2026-08-30T21:05:22.463Z,66,409,0.020658
2026-08-30T21:05:22.473Z,66,409,0.016652
2026-08-30T21:05:22.510Z,68,409,0.018038
2026-08-30T21:05:22.552Z,70,409,0.017729
2026-08-30T21:05:22.597Z,57,409,0.015677
2026-08-30T21:05:22.642Z,67,409,0.015437
2026-08-30T21:05:22.766Z,67,409,0.021922
2026-08-30T21:05:22.768Z,59,409,0.022207
2026-08-30T21:05:22.780Z,64,409,0.021721
2026-08-30T21:05:22.782Z,64,409,0.035523
2026-08-30T21:05:22.850Z,67,409,0.014788
2026-08-30T21:05:22.858Z,74,409,0.039326
2026-08-30T21:05:22.939Z,62,409,0.018651
2026-08-30T21:05:22.956Z,66,409,0.018171
2026-08-30T21:05:23.079Z,71,409,0.015870
2026-08-30T21:05:23.114Z,77,409,0.020446
2026-08-30T21:05:23.116Z,74,409,0.015920
2026-08-30T21:05:23.130Z,71,409,0.017442
2026-08-30T21:05:23.209Z,70,409,0.016578
2026-08-30T21:05:23.213Z,63,409,0.048219
2026-08-30T21:05:23.258Z,77,409,0.023041
2026-08-30T21:05:23.292Z,58,409,0.023469
2026-08-30T21:05:23.386Z,78,409,0.015635
2026-08-30T21:05:23.426Z,62,409,0.023333
2026-08-30T21:05:23.458Z,72,409,0.027522
2026-08-30T21:05:23.469Z,68,409,0.025566
2026-08-30T21:05:23.515Z,77,409,0.020042
2026-08-30T21:05:23.553Z,54,409,0.020862
2026-08-30T21:05:23.602Z,69,409,0.019001
2026-08-30T21:05:23.603Z,76,409,0.020439
2026-08-30T21:05:23.703Z,52,409,0.022866
2026-08-30T21:05:23.755Z,57,409,0.015257
2026-08-30T21:05:23.782Z,69,409,0.021496
2026-08-30T21:05:23.803Z,73,409,0.019079
2026-08-30T21:05:23.832Z,65,409,0.015233
2026-08-30T21:05:23.865Z,70,409,0.020530
2026-08-30T21:05:23.917Z,51,409,0.019156
2026-08-30T21:05:23.921Z,76,409,0.021052
2026-08-30T21:05:24.004Z,75,409,0.032231
2026-08-30T21:05:24.057Z,56,409,0.019058
2026-08-30T21:05:24.113Z,75,409,0.026172
2026-08-30T21:05:24.135Z,51,409,0.018293
2026-08-30T21:05:24.154Z,66,409,0.018442
2026-08-30T21:05:24.190Z,55,409,0.020095
2026-08-30T21:05:24.291Z,75,409,0.021663
2026-08-30T21:05:24.294Z,64,409,0.031556
2026-08-30T21:05:24.329Z,76,409,0.021922
2026-08-30T21:05:24.386Z,69,409,0.024095
2026-08-30T21:05:24.472Z,57,409,0.023377
2026-08-30T21:05:24.494Z,75,409,0.016746
2026-08-30T21:05:24.526Z,64,409,0.017127
2026-08-30T21:05:24.528Z,78,409,0.017102
2026-08-30T21:05:24.652Z,66,409,0.016117
2026-08-30T21:05:24.685Z,70,409,0.020360
2026-08-30T21:05:24.688Z,55,409,0.018849
2026-08-30T21:05:24.763Z,54,409,0.024129
2026-08-30T21:05:24.816Z,58,409,0.020361
2026-08-30T21:05:24.844Z,53,409,0.026149
2026-08-30T21:05:24.880Z,51,409,0.021593
2026-08-30T21:05:24.902Z,61,409,0.020666
2026-08-30T21:05:24.980Z,69,409,0.024803
2026-08-30T21:05:25.036Z,72,409,0.021915
2026-08-30T21:05:25.051Z,70,409,0.021156
2026-08-30T21:05:25.116Z,52,409,0.024364
2026-08-30T21:05:25.167Z,66,409,0.019141
2026-08-30T21:05:25.170Z,69,409,0.019052
2026-08-30T21:05:25.209Z,65,409,0.040870
2026-08-30T21:05:25.226Z,67,409,0.036682
2026-08-30T21:05:25.321Z,59,409,0.027704
2026-08-30T21:05:25.395Z,64,409,0.015744
2026-08-30T21:05:25.438Z,66,409,0.016051
2026-08-30T21:05:25.465Z,56,409,0.018206
2026-08-30T21:05:25.539Z,67,409,0.018480
2026-08-30T21:05:25.555Z,52,409,0.022950
2026-08-30T21:05:25.603Z,72,409,0.029187
2026-08-30T21:05:25.604Z,51,409,0.014700
2026-08-30T21:05:25.658Z,57,409,0.015151
2026-08-30T21:05:25.746Z,63,409,0.013266
2026-08-30T21:05:25.782Z,51,409,0.020349
2026-08-30T21:05:25.812Z,74,409,0.014758
2026-08-30T21:05:25.861Z,64,409,0.043537
2026-08-30T21:05:25.864Z,67,409,0.015511
2026-08-30T21:05:25.941Z,57,409,0.019576
2026-08-30T21:05:25.949Z,73,409,0.020553
2026-08-30T21:05:25.970Z,56,409,0.018473
2026-08-30T21:05:26.036Z,56,409,0.015185
2026-08-30T21:05:26.074Z,56,409,0.030374
2026-08-30T21:05:26.116Z,52,409,0.013360
2026-08-30T21:05:26.180Z,65,409,0.015292
2026-08-30T21:05:26.194Z,52,409,0.013647
2026-08-30T21:05:26.271Z,55,409,0.016093
2026-08-30T21:05:26.278Z,69,409,0.019784
2026-08-30T21:05:26.279Z,59,409,0.014739
2026-08-30T21:05:26.372Z,66,409,0.017950
2026-08-30T21:05:26.410Z,69,409,0.022153
2026-08-30T21:05:26.463Z,77,409,0.016886
2026-08-30T21:05:26.505Z,77,409,0.020691
2026-08-30T21:05:26.517Z,65,409,0.032032
2026-08-30T21:05:26.596Z,71,409,0.026535
2026-08-30T21:05:26.643Z,67,409,0.019023
2026-08-30T21:05:26.645Z,50,409,0.021057
2026-08-30T21:05:26.735Z,77,409,0.016997
2026-08-30T21:05:26.778Z,72,409,0.042190
2026-08-30T21:05:26.794Z,64,409,0.014023
2026-08-30T21:05:26.820Z,54,409,0.014527
2026-08-30T21:05:26.823Z,61,409,0.018810
2026-08-30T21:05:26.928Z,52,409,0.015845
2026-08-30T21:05:26.972Z,56,409,0.021272
2026-08-30T21:05:27.008Z,70,409,0.027527
2026-08-30T21:05:27.063Z,50,409,0.021860
2026-08-30T21:05:27.112Z,57,409,0.021358
2026-08-30T21:05:27.135Z,69,409,0.023353
2026-08-30T21:05:27.172Z,76,409,0.031716
2026-08-30T21:05:27.183Z,73,409,0.018238
2026-08-30T21:05:27.279Z,52,409,0.040118
2026-08-30T21:05:27.332Z,74,409,0.027981
2026-08-30T21:05:27.345Z,61,409,0.023094
2026-08-30T21:05:27.454Z,51,409,0.030943
2026-08-30T21:05:27.474Z,63,409,0.052120
2026-08-30T21:05:27.565Z,65,409,0.022488
2026-08-30T21:05:27.576Z,69,409,0.023002
2026-08-30T21:05:27.582Z,52,409,0.023077
2026-08-30T21:05:27.679Z,57,409,0.030468
2026-08-30T21:05:27.742Z,66,409,0.022200
2026-08-30T21:05:27.742Z,74,409,0.022200
2026-08-30T21:05:27.841Z,55,409,0.037651
2026-08-30T21:05:27.890Z,55,409,0.015807
2026-08-30T21:05:27.978Z,61,409,0.023809
2026-08-30T21:05:27.986Z,58,409,0.018306
2026-08-30T21:05:27.993Z,71,409,0.015808
2026-08-30T21:05:28.037Z,73,409,0.018747
2026-08-30T21:05:28.088Z,55,409,0.023229
2026-08-30T21:05:28.095Z,61,409,0.016244
2026-08-30T21:05:28.197Z,69,409,0.027410
2026-08-30T21:05:28.228Z,77,409,0.016423
2026-08-30T21:05:28.320Z,65,409,0.024620
2026-08-30T21:05:28.325Z,57,409,0.028098
2026-08-30T21:05:28.332Z,76,409,0.027527
2026-08-30T21:05:28.359Z,55,409,0.018531
2026-08-30T21:05:28.428Z,59,409,0.023708
2026-08-30T21:05:28.439Z,77,409,0.021181
2026-08-30T21:05:28.546Z,62,409,0.024703
2026-08-30T21:05:28.564Z,57,409,0.016796
2026-08-30T21:05:28.658Z,69,409,0.018858
2026-08-30T21:05:28.675Z,61,409,0.021033
2026-08-30T21:05:28.683Z,51,409,0.021986
2026-08-30T21:05:28.705Z,71,409,0.022658
2026-08-30T21:05:28.772Z,68,409,0.015084
2026-08-30T21:05:28.772Z,74,409,0.016192
2026-08-30T21:05:28.867Z,74,409,0.017842
2026-08-30T21:05:28.899Z,73,409,0.020118
2026-08-30T21:05:28.970Z,60,409,0.018265
2026-08-30T21:05:29.039Z,59,409,0.016104
2026-08-30T21:05:29.042Z,67,409,0.016859
2026-08-30T21:05:29.055Z,58,409,0.019190
2026-08-30T21:05:29.120Z,70,409,0.019838
2026-08-30T21:05:29.132Z,75,409,0.018785
2026-08-30T21:05:29.196Z,77,409,0.017165
2026-08-30T21:05:29.220Z,54,409,0.014342
2026-08-30T21:05:29.320Z,71,409,0.017024
2026-08-30T21:05:29.377Z,54,409,0.037717
2026-08-30T21:05:29.385Z,67,409,0.022009
2026-08-30T21:05:29.395Z,62,409,0.015138
2026-08-30T21:05:29.433Z,68,409,0.021223
2026-08-30T21:05:29.440Z,56,409,0.018126
2026-08-30T21:05:29.517Z,61,409,0.016253
2026-08-30T21:05:29.554Z,78,409,0.022463
2026-08-30T21:05:29.642Z,57,409,0.019362
2026-08-30T21:05:29.698Z,75,409,0.028753
2026-08-30T21:05:29.706Z,72,409,0.023957
2026-08-30T21:05:29.730Z,65,409,0.025965
2026-08-30T21:05:29.781Z,75,409,0.022227
2026-08-30T21:05:29.784Z,64,409,0.025995
2026-08-30T21:05:29.875Z,51,409,0.015086
2026-08-30T21:05:29.897Z,51,409,0.033350
2026-08-30T21:05:29.979Z,58,409,0.018865
2026-08-30T21:05:30.045Z,61,409,0.030805
2026-08-30T21:05:30.067Z,57,409,0.016778
2026-08-30T21:05:30.067Z,58,409,0.032432
2026-08-30T21:05:30.128Z,52,409,0.016036
2026-08-30T21:05:30.142Z,72,409,0.021535
2026-08-30T21:05:30.225Z,54,409,0.036772
2026-08-30T21:05:30.235Z,64,409,0.017519
2026-08-30T21:05:30.335Z,75,409,0.033196
2026-08-30T21:05:30.376Z,73,409,0.016035
2026-08-30T21:05:30.424Z,52,409,0.021903
2026-08-30T21:05:30.424Z,59,409,0.018453
2026-08-30T21:05:30.429Z,59,409,0.016238
2026-08-30T21:05:30.485Z,63,409,0.016902
2026-08-30T21:05:30.562Z,50,409,0.020611
2026-08-30T21:05:30.571Z,78,409,0.021227
2026-08-30T21:05:30.663Z,74,409,0.019517
2026-08-30T21:05:30.702Z,57,409,0.016517
2026-08-30T21:05:30.788Z,65,409,0.022948
2026-08-30T21:05:30.791Z,67,409,0.019854
2026-08-30T21:05:30.807Z,76,409,0.018155
2026-08-30T21:05:30.821Z,70,409,0.017306
2026-08-30T21:05:30.902Z,65,409,0.020356
2026-08-30T21:05:30.918Z,67,409,0.027562
2026-08-30T21:05:31.021Z,67,409,0.018293
2026-08-30T21:05:31.037Z,60,409,0.014055
2026-08-30T21:05:31.126Z,67,409,0.020973
2026-08-30T21:05:31.161Z,52,409,0.016574
2026-08-30T21:05:31.170Z,51,409,0.021008
2026-08-30T21:05:31.173Z,64,409,0.021219
2026-08-30T21:05:31.240Z,60,409,0.032988
2026-08-30T21:05:31.259Z,59,409,0.031806
2026-08-30T21:05:31.337Z,73,409,0.026142
2026-08-30T21:05:31.360Z,78,409,0.023843
2026-08-30T21:05:31.466Z,59,409,0.024426
2026-08-30T21:05:31.490Z,76,409,0.035085
2026-08-30T21:05:31.519Z,78,409,0.020657
2026-08-30T21:05:31.526Z,52,409,0.039265
2026-08-30T21:05:31.578Z,74,409,0.017179
2026-08-30T21:05:31.598Z,59,409,0.019072
2026-08-30T21:05:31.653Z,71,409,0.038760
2026-08-30T21:05:31.687Z,72,409,0.017355
2026-08-30T21:05:31.781Z,56,409,0.026082
2026-08-30T21:05:31.825Z,58,409,0.021382
2026-08-30T21:05:31.827Z,50,409,0.023399
2026-08-30T21:05:31.839Z,66,409,0.019672
2026-08-30T21:05:31.880Z,70,409,0.018863
2026-08-30T21:05:31.909Z,65,409,0.018031
2026-08-30T21:05:31.986Z,64,409,0.019462
2026-08-30T21:05:32.010Z,57,409,0.034620
2026-08-30T21:05:32.130Z,67,409,0.015118
2026-08-30T21:05:32.169Z,55,409,0.018499
2026-08-30T21:05:32.182Z,76,409,0.019205
2026-08-30T21:05:32.216Z,54,409,0.031797
2026-08-30T21:05:32.217Z,67,409,0.030013
2026-08-30T21:05:32.225Z,61,409,0.033616
2026-08-30T21:05:32.360Z,78,409,0.028543
2026-08-30T21:05:32.379Z,56,409,0.025835
2026-08-30T21:05:32.470Z,78,409,0.025079
2026-08-30T21:05:32.537Z,52,409,0.021490
2026-08-30T21:05:32.537Z,77,409,0.019846
2026-08-30T21:05:32.578Z,70,409,0.022623
2026-08-30T21:05:32.611Z,57,409,0.021117
2026-08-30T21:05:32.611Z,73,409,0.021216
2026-08-30T21:05:32.715Z,75,409,0.018502
2026-08-30T21:05:32.724Z,78,409,0.018766
2026-08-30T21:05:32.800Z,55,409,0.020792
2026-08-30T21:05:32.863Z,65,409,0.016775
2026-08-30T21:05:32.876Z,57,409,0.018585
2026-08-30T21:05:32.936Z,72,409,0.018096
2026-08-30T21:05:32.936Z,76,409,0.039967
2026-08-30T21:05:32.937Z,77,409,0.020741
2026-08-30T21:05:33.050Z,61,409,0.016159
2026-08-30T21:05:33.061Z,64,409,0.019793
2026-08-30T21:05:33.106Z,71,409,0.017867
2026-08-30T21:05:33.194Z,63,409,0.018130
2026-08-30T21:05:33.197Z,76,409,0.017729
2026-08-30T21:05:33.234Z,65,409,0.018486
2026-08-30T21:05:33.281Z,76,409,0.023764
2026-08-30T21:05:33.286Z,70,409,0.016841
2026-08-30T21:05:33.338Z,63,409,0.017210
2026-08-30T21:05:33.363Z,53,409,0.018939
2026-08-30T21:05:33.424Z,77,409,0.020898
2026-08-30T21:05:33.495Z,55,409,0.018992
2026-08-30T21:05:33.522Z,59,409,0.021009
2026-08-30T21:05:33.542Z,51,409,0.017650
2026-08-30T21:05:33.588Z,60,409,0.021157
2026-08-30T21:05:33.622Z,50,409,0.017992
2026-08-30T21:05:33.642Z,59,409,0.028551
2026-08-30T21:05:33.681Z,75,409,0.020333
2026-08-30T21:05:33.739Z,62,409,0.018402
2026-08-30T21:05:33.806Z,77,409,0.018324
2026-08-30T21:05:33.834Z,62,409,0.032865
2026-08-30T21:05:33.859Z,71,409,0.025775
2026-08-30T21:05:33.899Z,59,409,0.020570
2026-08-30T21:05:33.919Z,63,409,0.027680
2026-08-30T21:05:33.959Z,69,409,0.018274
2026-08-30T21:05:34.003Z,57,409,0.025103
2026-08-30T21:05:34.046Z,69,409,0.021777
2026-08-30T21:05:34.136Z,63,409,0.019199
2026-08-30T21:05:34.149Z,76,409,0.026339
2026-08-30T21:05:34.193Z,56,409,0.014851
2026-08-30T21:05:34.221Z,65,409,0.027555
2026-08-30T21:05:34.284Z,62,409,0.027947
2026-08-30T21:05:34.316Z,77,409,0.033222
2026-08-30T21:05:34.344Z,71,409,0.038817
2026-08-30T21:05:34.436Z,65,409,0.028128
2026-08-30T21:05:34.545Z,61,409,0.032268
2026-08-30T21:05:34.547Z,69,409,0.027596
2026-08-30T21:05:34.549Z,60,409,0.031498
2026-08-30T21:05:34.619Z,66,409,0.027481
2026-08-30T21:05:34.701Z,72,409,0.018480
2026-08-30T21:05:34.701Z,77,409,0.025382
2026-08-30T21:05:34.730Z,78,409,0.047306
2026-08-30T21:05:34.817Z,71,409,0.022839
2026-08-30T21:05:34.959Z,50,409,0.022315
2026-08-30T21:05:34.967Z,75,409,0.022945
2026-08-30T21:05:34.968Z,75,409,0.019243
2026-08-30T21:05:34.995Z,60,409,0.019546
2026-08-30T21:05:35.098Z,50,409,0.022699
2026-08-30T21:05:35.098Z,62,409,0.023819
2026-08-30T21:05:35.115Z,60,409,0.025051
2026-08-30T21:05:35.220Z,78,409,0.026599
2026-08-30T21:05:35.392Z,68,409,0.019007
2026-08-30T21:05:35.392Z,69,409,0.014140
2026-08-30T21:05:35.395Z,62,409,0.018173
2026-08-30T21:05:35.399Z,72,409,0.013425
2026-08-30T21:05:35.508Z,63,409,0.021833
2026-08-30T21:05:35.512Z,58,409,0.017272
2026-08-30T21:05:35.515Z,77,409,0.022114
2026-08-30T21:05:35.622Z,63,409,0.013416
2026-08-30T21:05:35.781Z,73,409,0.016267
2026-08-30T21:05:35.808Z,58,409,0.026411
2026-08-30T21:05:35.811Z,66,409,0.028713
2026-08-30T21:05:35.814Z,74,409,0.024308
2026-08-30T21:05:35.910Z,55,409,0.025493
2026-08-30T21:05:35.911Z,58,409,0.019959
2026-08-30T21:05:35.913Z,66,409,0.017212
2026-08-30T21:05:35.973Z,60,409,0.042428
2026-08-30T21:05:36.135Z,77,409,0.052897
2026-08-30T21:05:36.237Z,62,409,0.023223
2026-08-30T21:05:36.238Z,68,409,0.030266
2026-08-30T21:05:36.246Z,74,409,0.057223
2026-08-30T21:05:36.308Z,55,409,0.032500
2026-08-30T21:05:36.316Z,75,409,0.032612
2026-08-30T21:05:36.337Z,53,409,0.033859
2026-08-30T21:05:36.419Z,63,409,0.020480
2026-08-30T21:05:36.531Z,77,409,0.047239
2026-08-30T21:05:36.624Z,53,409,0.015311
2026-08-30T21:05:36.654Z,55,409,0.016676
2026-08-30T21:05:36.713Z,52,409,0.023823
2026-08-30T21:05:36.765Z,73,409,0.020285
2026-08-30T21:05:36.767Z,52,409,0.016881
2026-08-30T21:05:36.767Z,63,409,0.018809
2026-08-30T21:05:36.767Z,73,409,0.035427
2026-08-30T21:05:36.892Z,66,409,0.032449
2026-08-30T21:05:36.948Z,53,409,0.024215
2026-08-30T21:05:37.012Z,61,409,0.019922
2026-08-30T21:05:37.070Z,65,409,0.043483
2026-08-30T21:05:37.071Z,62,409,0.021893
2026-08-30T21:05:37.096Z,64,409,0.049514
2026-08-30T21:05:37.113Z,52,409,0.023637
2026-08-30T21:05:37.137Z,78,409,0.025829
2026-08-30T21:05:37.236Z,52,409,0.048547
2026-08-30T21:05:37.280Z,68,409,0.026443
2026-08-30T21:05:37.318Z,59,409,0.019339
2026-08-30T21:05:37.398Z,78,409,0.024291
2026-08-30T21:05:37.447Z,58,409,0.020233
2026-08-30T21:05:37.447Z,77,409,0.019068
2026-08-30T21:05:37.456Z,63,409,0.042312
2026-08-30T21:05:37.459Z,61,409,0.019170
2026-08-30T21:05:37.610Z,69,409,0.023441
2026-08-30T21:05:37.630Z,73,409,0.020982
2026-08-30T21:05:37.665Z,74,409,0.022723
2026-08-30T21:05:37.754Z,66,409,0.047552
2026-08-30T21:05:37.796Z,53,409,0.017366
2026-08-30T21:05:37.799Z,77,409,0.025666
2026-08-30T21:05:37.813Z,55,409,0.016346
2026-08-30T21:05:37.823Z,78,409,0.024101
2026-08-30T21:05:37.995Z,75,409,0.022095
2026-08-30T21:05:38.033Z,57,409,0.019661
2026-08-30T21:05:38.073Z,57,409,0.023520
2026-08-30T21:05:38.165Z,65,409,0.020998
2026-08-30T21:05:38.218Z,70,409,0.020682
2026-08-30T21:05:38.224Z,68,409,0.022852
2026-08-30T21:05:38.225Z,51,409,0.026154
2026-08-30T21:05:38.239Z,61,409,0.021538
2026-08-30T21:05:38.336Z,60,409,0.021642
2026-08-30T21:05:38.401Z,71,409,0.032487
2026-08-30T21:05:38.418Z,68,409,0.016710
2026-08-30T21:05:38.510Z,76,409,0.047139
2026-08-30T21:05:38.549Z,69,409,0.023921
2026-08-30T21:05:38.586Z,76,409,0.041744
2026-08-30T21:05:38.593Z,60,409,0.027645
2026-08-30T21:05:38.603Z,71,409,0.023194
2026-08-30T21:05:38.695Z,50,409,0.025838
2026-08-30T21:05:38.742Z,76,409,0.023168
2026-08-30T21:05:38.746Z,61,409,0.019491
2026-08-30T21:05:38.890Z,77,409,0.030394
2026-08-30T21:05:38.918Z,62,409,0.027117
2026-08-30T21:05:38.950Z,73,409,0.020226
2026-08-30T21:05:38.959Z,52,409,0.022025
2026-08-30T21:05:38.990Z,72,409,0.024139
2026-08-30T21:05:39.093Z,68,409,0.019548
2026-08-30T21:05:39.099Z,69,409,0.020488
2026-08-30T21:05:39.115Z,55,409,0.019683
2026-08-30T21:05:39.243Z,75,409,0.026932
2026-08-30T21:05:39.292Z,65,409,0.019294
2026-08-30T21:05:39.293Z,51,409,0.017924
2026-08-30T21:05:39.305Z,54,409,0.018584
2026-08-30T21:05:39.327Z,74,409,0.027213
2026-08-30T21:05:39.430Z,59,409,0.026161
2026-08-30T21:05:39.434Z,73,409,0.025876
2026-08-30T21:05:39.468Z,58,409,0.039844
2026-08-30T21:05:39.572Z,60,409,0.059231
2026-08-30T21:05:39.636Z,61,409,0.023729
2026-08-30T21:05:39.652Z,77,409,0.029507
2026-08-30T21:05:39.655Z,72,409,0.022501
2026-08-30T21:05:39.704Z,60,409,0.028196
2026-08-30T21:05:39.782Z,63,409,0.022245
2026-08-30T21:05:39.798Z,55,409,0.022297
2026-08-30T21:05:39.845Z,78,409,0.016121
2026-08-30T21:05:39.945Z,61,409,0.031959
2026-08-30T21:05:39.980Z,69,409,0.031720
2026-08-30T21:05:39.981Z,54,409,0.051218
2026-08-30T21:05:40.027Z,70,409,0.039383
2026-08-30T21:05:40.070Z,75,409,0.053071
2026-08-30T21:05:40.112Z,58,409,0.036911
2026-08-30T21:05:40.129Z,63,409,0.026503
2026-08-30T21:05:40.194Z,50,409,0.042648
2026-08-30T21:05:40.323Z,71,409,0.021104
2026-08-30T21:05:40.343Z,56,409,0.054554
2026-08-30T21:05:40.358Z,62,409,0.024345
2026-08-30T21:05:40.403Z,50,409,0.017859
2026-08-30T21:05:40.439Z,71,409,0.019055
2026-08-30T21:05:40.450Z,59,409,0.052469
2026-08-30T21:05:40.458Z,61,409,0.020776
2026-08-30T21:05:40.560Z,51,409,0.024452
2026-08-30T21:05:40.653Z,67,409,0.022562
2026-08-30T21:05:40.666Z,73,409,0.017895
2026-08-30T21:05:40.698Z,50,409,0.026523
2026-08-30T21:05:40.730Z,57,409,0.026762
2026-08-30T21:05:40.791Z,54,409,0.013777
2026-08-30T21:05:40.798Z,52,409,0.020674
2026-08-30T21:05:40.800Z,72,409,0.013791
2026-08-30T21:05:40.895Z,76,409,0.018120
2026-08-30T21:05:40.989Z,62,409,0.027717
2026-08-30T21:05:40.989Z,75,409,0.023424
2026-08-30T21:05:41.037Z,55,409,0.021406
2026-08-30T21:05:41.079Z,50,409,0.021544
2026-08-30T21:05:41.128Z,75,409,0.039945
2026-08-30T21:05:41.157Z,55,409,0.035471
2026-08-30T21:05:41.157Z,67,409,0.062529
2026-08-30T21:05:41.215Z,53,409,0.051676
2026-08-30T21:05:41.378Z,62,409,0.026093
2026-08-30T21:05:41.395Z,78,409,0.029704
2026-08-30T21:05:41.459Z,77,409,0.033093
2026-08-30T21:05:41.480Z,56,409,0.026603
2026-08-30T21:05:41.553Z,69,409,0.015436
2026-08-30T21:05:41.554Z,63,409,0.015348
2026-08-30T21:05:41.571Z,71,409,0.015077
2026-08-30T21:05:41.662Z,77,409,0.014922
2026-08-30T21:05:41.753Z,63,409,0.013964
2026-08-30T21:05:41.753Z,74,409,0.016726
2026-08-30T21:05:41.841Z,70,409,0.015557
2026-08-30T21:05:41.843Z,72,409,0.014554
2026-08-30T21:05:41.914Z,71,409,0.012489
2026-08-30T21:05:41.929Z,62,409,0.026245
2026-08-30T21:05:41.929Z,66,409,0.020724
2026-08-30T21:05:41.970Z,54,409,0.016923
2026-08-30T21:05:42.094Z,68,409,0.032569
2026-08-30T21:05:42.100Z,56,409,0.015528
2026-08-30T21:05:42.150Z,72,409,0.016637
2026-08-30T21:05:42.187Z,60,409,0.014124
2026-08-30T21:05:42.189Z,70,409,0.012443
2026-08-30T21:05:42.278Z,59,409,0.014301
2026-08-30T21:05:42.280Z,78,409,0.018735
2026-08-30T21:05:42.288Z,52,409,0.014287
2026-08-30T21:05:42.392Z,59,409,0.016648
2026-08-30T21:05:42.415Z,67,409,0.017483
2026-08-30T21:05:42.508Z,58,409,0.021655
2026-08-30T21:05:42.508Z,77,409,0.039899
2026-08-30T21:05:42.509Z,56,409,0.020496
2026-08-30T21:05:42.602Z,54,409,0.015315
2026-08-30T21:05:42.608Z,67,409,0.018130
2026-08-30T21:05:42.617Z,53,409,0.021577
2026-08-30T21:05:42.722Z,74,409,0.019301
2026-08-30T21:05:42.753Z,70,409,0.020105
2026-08-30T21:05:42.843Z,69,409,0.015262
2026-08-30T21:05:42.851Z,51,409,0.014778
2026-08-30T21:05:42.855Z,69,409,0.013587
2026-08-30T21:05:42.899Z,58,409,0.014273
2026-08-30T21:05:42.966Z,68,409,0.018196
2026-08-30T21:05:42.974Z,59,409,0.012549
2026-08-30T21:05:43.017Z,68,409,0.017091
2026-08-30T21:05:43.059Z,67,409,0.021370
2026-08-30T21:05:43.202Z,59,409,0.022827
2026-08-30T21:05:43.205Z,63,409,0.023167
2026-08-30T21:05:43.206Z,65,409,0.017706
2026-08-30T21:05:43.206Z,69,409,0.040248
2026-08-30T21:05:43.293Z,70,409,0.025693
2026-08-30T21:05:43.294Z,63,409,0.019395
2026-08-30T21:05:43.324Z,71,409,0.016215
2026-08-30T21:05:43.395Z,60,409,0.021879
2026-08-30T21:05:43.549Z,69,409,0.024070
2026-08-30T21:05:43.582Z,71,409,0.020948
2026-08-30T21:05:43.593Z,69,409,0.020090
2026-08-30T21:05:43.596Z,65,409,0.019207
2026-08-30T21:05:43.683Z,78,409,0.015583
2026-08-30T21:05:43.695Z,69,409,0.024604
2026-08-30T21:05:43.697Z,56,409,0.021915
2026-08-30T21:05:43.739Z,55,409,0.022819
2026-08-30T21:05:43.877Z,61,409,0.019437
2026-08-30T21:05:43.922Z,76,409,0.021621
2026-08-30T21:05:43.932Z,64,409,0.019587
2026-08-30T21:05:43.959Z,62,409,0.017574
2026-08-30T21:05:44.006Z,60,409,0.019910
2026-08-30T21:05:44.014Z,51,409,0.035982
2026-08-30T21:05:44.061Z,70,409,0.015992
2026-08-30T21:05:44.087Z,54,409,0.024824
2026-08-30T21:05:44.205Z,75,409,0.018523
2026-08-30T21:05:44.255Z,51,409,0.019681
2026-08-30T21:05:44.270Z,60,409,0.020422
2026-08-30T21:05:44.282Z,70,409,0.018569
2026-08-30T21:05:44.351Z,70,409,0.018911
2026-08-30T21:05:44.363Z,73,409,0.041509
2026-08-30T21:05:44.374Z,76,409,0.023632
2026-08-30T21:05:44.415Z,77,409,0.026849
2026-08-30T21:05:44.516Z,69,409,0.026156
2026-08-30T21:05:44.572Z,57,409,0.030693
2026-08-30T21:05:44.606Z,63,409,0.049531
2026-08-30T21:05:44.614Z,73,409,0.027507
2026-08-30T21:05:44.711Z,75,409,0.025338
2026-08-30T21:05:44.720Z,77,409,0.024022
2026-08-30T21:05:44.721Z,63,409,0.024547
2026-08-30T21:05:44.739Z,75,409,0.029166
2026-08-30T21:05:44.847Z,57,409,0.023365
2026-08-30T21:05:44.899Z,54,409,0.017286
2026-08-30T21:05:44.933Z,70,409,0.024614
2026-08-30T21:05:44.940Z,59,409,0.021252
2026-08-30T21:05:45.039Z,67,409,0.026149
2026-08-30T21:05:45.063Z,55,409,0.027293
2026-08-30T21:05:45.066Z,57,409,0.026855
2026-08-30T21:05:45.069Z,60,409,0.027063
2026-08-30T21:05:45.164Z,64,409,0.030407
2026-08-30T21:05:45.210Z,70,409,0.035248
2026-08-30T21:05:45.258Z,57,409,0.027335
2026-08-30T21:05:45.270Z,68,409,0.028270
2026-08-30T21:05:45.459Z,78,409,0.029399
2026-08-30T21:05:45.460Z,54,409,0.031182
2026-08-30T21:05:45.463Z,64,409,0.043953
2026-08-30T21:05:45.465Z,52,409,0.031751
2026-08-30T21:05:45.584Z,61,409,0.027028
2026-08-30T21:05:45.639Z,60,409,0.030220
2026-08-30T21:05:45.679Z,76,409,0.033980
2026-08-30T21:05:45.685Z,62,409,0.025048
2026-08-30T21:05:45.896Z,54,409,0.032451
2026-08-30T21:05:45.904Z,59,409,0.056304
2026-08-30T21:05:45.914Z,72,409,0.060883
2026-08-30T21:05:45.914Z,74,409,0.050118
2026-08-30T21:05:46.011Z,75,409,0.026961
2026-08-30T21:05:46.064Z,53,409,0.041977
2026-08-30T21:05:46.073Z,60,409,0.025765
2026-08-30T21:05:46.090Z,77,409,0.035314
2026-08-30T21:05:46.322Z,72,409,0.023397
2026-08-30T21:05:46.348Z,64,409,0.055690
2026-08-30T21:05:46.348Z,65,409,0.020524
2026-08-30T21:05:46.369Z,54,409,0.035455
2026-08-30T21:05:46.455Z,74,409,0.024310
2026-08-30T21:05:46.526Z,50,409,0.028693
2026-08-30T21:05:46.536Z,57,409,0.038632
2026-08-30T21:05:46.559Z,50,409,0.038520
2026-08-30T21:05:46.733Z,58,409,0.049921
2026-08-30T21:05:46.755Z,51,409,0.019512
2026-08-30T21:05:46.802Z,77,409,0.031395
2026-08-30T21:05:46.815Z,73,409,0.025276
2026-08-30T21:05:46.893Z,61,409,0.025960
2026-08-30T21:05:46.954Z,63,409,0.024616
2026-08-30T21:05:46.992Z,50,409,0.014550
2026-08-30T21:05:47.027Z,51,409,0.019858
2026-08-30T21:05:47.181Z,55,500,30.059619
2026-08-30T21:05:47.233Z,59,500,30.021453
2026-08-30T21:05:47.233Z,73,500,30.019024
2026-08-30T21:05:47.237Z,70,500,30.017932
2026-08-30T21:05:47.255Z,66,500,30.021230
2026-08-30T21:05:47.335Z,58,500,30.021261
2026-08-30T21:05:47.347Z,67,500,30.027392
2026-08-30T21:05:47.388Z,72,500,30.012474
2026-08-30T21:06:17.494Z,72,500,30.020779
2026-08-30T21:06:17.510Z,77,500,30.012144
2026-08-30T21:06:17.540Z,66,500,30.023379
2026-08-30T21:06:17.540Z,70,500,30.020641
2026-08-30T21:06:17.541Z,77,500,30.022582
2026-08-30T21:06:17.562Z,76,500,30.012738
2026-08-30T21:06:17.582Z,76,500,30.011049
2026-08-30T21:06:17.603Z,51,500,30.010972
2026-08-30T21:06:47.712Z,59,500,30.019175
2026-08-30T21:06:47.713Z,59,500,30.013214
2026-08-30T21:06:47.726Z,77,500,30.022557
2026-08-30T21:06:47.738Z,50,500,30.022130
2026-08-30T21:06:47.741Z,67,500,30.021131
2026-08-30T21:06:47.744Z,64,500,30.021111
2026-08-30T21:06:47.753Z,57,500,30.016283
2026-08-30T21:06:47.755Z,74,500,30.014462
2026-08-30T21:07:17.897Z,58,500,30.011519
2026-08-30T21:07:17.900Z,51,500,30.017290
2026-08-30T21:07:17.900Z,75,500,30.015720
2026-08-30T21:07:17.923Z,75,500,30.017293
2026-08-30T21:07:17.926Z,68,500,30.018079
2026-08-30T21:07:17.932Z,78,500,30.010599
2026-08-30T21:07:17.933Z,50,500,30.007323
2026-08-30T21:07:17.933Z,74,500,30.007510
2026-08-30T21:07:48.035Z,77,500,30.013494
2026-08-30T21:07:48.060Z,57,500,30.010698
2026-08-30T21:07:48.060Z,67,500,30.014049
2026-08-30T21:07:48.080Z,52,500,30.008045
2026-08-30T21:07:48.097Z,52,500,30.015286
2026-08-30T21:07:48.098Z,54,500,30.016033
2026-08-30T21:07:48.100Z,56,500,30.021328
2026-08-30T21:07:48.101Z,54,500,30.015181
2026-08-30T21:08:18.217Z,59,500,30.009769
2026-08-30T21:08:18.251Z,64,500,30.011759
2026-08-30T21:08:18.255Z,64,500,30.007247
2026-08-30T21:08:18.256Z,59,500,30.019229
2026-08-30T21:08:18.275Z,76,500,30.017564
2026-08-30T21:08:18.282Z,60,500,30.017503
2026-08-30T21:08:18.291Z,66,500,30.028858
2026-08-30T21:08:18.292Z,69,500,30.008587
2026-08-30T21:08:48.415Z,75,500,30.008891
2026-08-30T21:08:48.446Z,61,500,30.015239
2026-08-30T21:08:48.446Z,70,500,30.015285
2026-08-30T21:08:48.452Z,64,500,30.018959
2026-08-30T21:08:48.469Z,64,500,30.011847
2026-08-30T21:08:48.471Z,68,500,30.033706
2026-08-30T21:08:48.472Z,50,500,30.012294
2026-08-30T21:08:48.473Z,64,500,30.011855
